{
    "version": "1.0.0",
    "trained_at": "2026-05-05T22:15:58.939256",
    "metrics": {
        "placement": {
            "3m": {
                "gradient_boosting": {
                    "accuracy": 1.0,
                    "precision": 1.0,
                    "recall": 1.0,
                    "f1": 1.0,
                    "roc_auc": 1.0,
                    "cv_roc_auc_mean": 0.7161160031832399,
                    "cv_roc_auc_std": 0.04067611479819351
                },
                "random_forest": {
                    "accuracy": 0.8625,
                    "precision": 0.8451025056947609,
                    "recall": 0.8983050847457628,
                    "f1": 0.8708920187793427,
                    "roc_auc": 0.9587142043783746,
                    "cv_roc_auc_mean": 0.7411682591278395,
                    "cv_roc_auc_std": 0.030436308556141684
                },
                "logistic_regression": {
                    "accuracy": 0.7125,
                    "precision": 0.7493188010899182,
                    "recall": 0.6658595641646489,
                    "f1": 0.7051282051282052,
                    "roc_auc": 0.7688402124744262,
                    "cv_roc_auc_mean": 0.7550489986758933,
                    "cv_roc_auc_std": 0.0225018239241784
                }
            },
            "6m": {
                "gradient_boosting": {
                    "accuracy": 1.0,
                    "precision": 1.0,
                    "recall": 1.0,
                    "f1": 1.0,
                    "roc_auc": 1.0,
                    "cv_roc_auc_mean": 0.7443744324057006,
                    "cv_roc_auc_std": 0.028439807781497406
                },
                "random_forest": {
                    "accuracy": 0.919375,
                    "precision": 0.9104268719384184,
                    "recall": 0.999231950844854,
                    "f1": 0.952764555108019,
                    "roc_auc": 0.982303941277745,
                    "cv_roc_auc_mean": 0.7805004146123375,
                    "cv_roc_auc_std": 0.04101498876536068
                },
                "logistic_regression": {
                    "accuracy": 0.811875,
                    "precision": 0.8321167883211679,
                    "recall": 0.9631336405529954,
                    "f1": 0.8928444286222855,
                    "roc_auc": 0.8004902112392912,
                    "cv_roc_auc_mean": 0.7820140993171385,
                    "cv_roc_auc_std": 0.03542323226515613
                }
            },
            "12m": {
                "gradient_boosting": {
                    "accuracy": 1.0,
                    "precision": 1.0,
                    "recall": 1.0,
                    "f1": 1.0,
                    "roc_auc": 1.0,
                    "cv_roc_auc_mean": 0.7729584331526078,
                    "cv_roc_auc_std": 0.048854966869610064
                },
                "random_forest": {
                    "accuracy": 0.96375,
                    "precision": 0.96375,
                    "recall": 1.0,
                    "f1": 0.9815404201145767,
                    "roc_auc": 0.9992844044903619,
                    "cv_roc_auc_mean": 0.8267893918379354,
                    "cv_roc_auc_std": 0.05566460827874445
                },
                "logistic_regression": {
                    "accuracy": 0.96375,
                    "precision": 0.96375,
                    "recall": 1.0,
                    "f1": 0.9815404201145767,
                    "roc_auc": 0.8524755132161544,
                    "cv_roc_auc_mean": 0.7921599840289161,
                    "cv_roc_auc_std": 0.04599280436584838
                }
            }
        },
        "salary": {
            "gradient_boosting": {
                "mse": 104528540.94165859,
                "rmse": 10223.92003791396,
                "mae": 8080.572811701902,
                "r2": 0.9993747411160335,
                "cv_r2_mean": 0.9660868202070126,
                "cv_r2_std": 0.00223439000515343
            },
            "random_forest": {
                "mse": 1679072841.1204102,
                "rmse": 40976.491322713446,
                "mae": 30230.467841653004,
                "r2": 0.9899562817840988,
                "cv_r2_mean": 0.9684885973203073,
                "cv_r2_std": 0.0027740019851082097
            },
            "ridge": {
                "mse": 4758326078.970738,
                "rmse": 68980.62103932335,
                "mae": 53091.049260479565,
                "r2": 0.97153709764928,
                "cv_r2_mean": 0.9697685163832361,
                "cv_r2_std": 0.002232742210568726
            }
        }
    },
    "feature_count": 53
}